{
    "loss": 0.1327412873506546,
    "accuracy": 0.9568965435028076
}